Pretraining Strategy,LogReg Accuracy,ARI,NMI,Silhouette
Contrastive Learning,0.8143459915611815,0.024058943530223118,0.052516854685746316,0.19461711
Masked Encoding,0.810126582278481,0.10505857435267323,0.07771537143114508,0.1838195
